[
    { "id": 1, "title": "Rock Concert", "city": "Stockholm", "category": "Concerts", "description": "Live rock concert with top artists." },
    { "id": 2, "title": "Football Match", "city": "Stockholm", "category": "Sports", "description": "Exciting football match between two top teams." },
    { "id": 3, "title": "Tech Conference", "city": "Stockholm", "category": "Conferences", "description": "A conference on emerging technologies." },
    { "id": 4, "title": "Jazz Night", "city": "New York", "category": "Concerts", "description": "A night of soothing jazz music." }
]
